{"val/auroc":0.9997038841247559,"_timestamp":1.7627013533222601e+09,"trainer/global_step":351,"train/f1":0.9985716938972473,"_wandb":{"runtime":21697},"epoch":3,"val/acc":0.996666669845581,"_runtime":18164.7887532,"train/auroc":0.9999849200248718,"val/loss":0.0198811125010252,"train/loss":0.004734822548925877,"train/acc":0.9985714554786682,"_step":7,"val/f1":0.9966555237770081}
