{"test_acc":0.7254902124404907,"val_acc":0.7599999904632568,"_wandb":{"runtime":583},"val_f1":0.7994139194488525,"val_nll":0.5814962983131409,"test_ece":0.061144839972257614,"test_accuracy":0.7254902124404907,"train_acc":0.8528784513473511,"test_nll":0.5505257844924927,"trainer/global_step":168,"train_loss":0.34245458245277405,"val_ece":0.12873370945453644,"val_auroc":0.8324334025382996,"test_f1":0.7166129946708679,"epoch":21,"_timestamp":1.7612348265484633e+09,"test_loss":0.5505256652832031,"test_auroc":0.7725937962532043,"val_loss":0.5814962983131409,"val_accuracy":0.7599999904632568,"test_ece_bins":10,"_runtime":581.1230551,"_step":42}
