{"val_ece":0.01245830487459898,"train_acc":0.5246252417564392,"_runtime":248.7667841,"_step":19,"val_nll":0.6874821186065674,"val_auroc":0.10436807572841644,"_wandb":{"runtime":250},"_timestamp":1.7611753365917695e+09,"trainer/global_step":149,"val_accuracy":0.5346534848213196,"val_acc":0.5346534848213196,"epoch":9,"val_f1":0.5861790180206299,"train_loss":0.689495325088501,"val_loss":0.6874821782112122}
