{"train_acc":0.9061833620071411,"train_loss":0.2726970613002777,"val_loss":0.4656268358230591,"epoch":2,"val/ece":0.07923034578561783,"val/acc":0.8100000023841858,"val/f1":0.8549385666847229,"_wandb":{"runtime":1078},"val_acc":0.8100000023841858,"_timestamp":1.762369345407932e+09,"val/auroc":0.8349206447601318,"val/nll":0.6484375,"trainer/global_step":44,"_runtime":916.5642361,"_step":5}
