{"trainer/global_step":400,"test_nll":0.03454318270087242,"test_accuracy":0.9900990128517151,"_wandb":{"runtime":1257},"test_ece_bins":10,"train_acc":0.9892933368682861,"_step":100,"val_nll":0.07298458367586136,"_runtime":1255.4708015,"test_f1":0.9807981252670288,"val_ece":0.016396421939134598,"_timestamp":1.7611798474585636e+09,"test_ece":0.020699022337794304,"train_loss":0.04379502311348915,"val_acc":0.9702970385551453,"test_auroc":0.6336633563041687,"val_accuracy":0.9702970385551453,"val_auroc":0.6336633563041687,"val_f1":0.9486218690872192,"val_loss":0.07298459112644196,"epoch":50,"test_loss":0.03454318270087242,"test_acc":0.9900990128517151}
