{
  "generated_at": "2025-11-13T08:14:09.370789Z",
  "runs": {
    "s0": {
      "path": "experiments\\s0_iid_lateavg_20251111_042950",
      "column": "prob",
      "ovl": 0.0,
      "ks": 1.0,
      "auc": 1.0,
      "mean_legit": 0.035722460597753525,
      "ci_legit": [
        0.03176441934492079,
        0.03968050185058626
      ],
      "mean_phish": 0.9552614092826843,
      "ci_phish": [
        0.9505584426690088,
        0.9599643758963599
      ]
    },
    "s2": {
      "path": "experiments\\s2_iid_consistency_20251113_093135",
      "column": "c_mean",
      "ovl": 0.5547489430874417,
      "ks": 0.43012704174228666,
      "auc": 0.23442226255293405,
      "mean_legit": 0.47354742884635925,
      "ci_legit": [
        0.40154040465576146,
        0.545554453036957
      ],
      "mean_phish": 0.20067837834358215,
      "ci_phish": [
        0.15992832375640878,
        0.24142843293075553
      ],
      "thresh": 0.6,
      "acs": 0.36553674936294556,
      "mr_overall": 0.8055555555555556,
      "mr_phish": 0.9649122807017544,
      "fpr_legit": 0.7011494252873564
    }
  },
  "meta": {
    "thresh": 0.6,
    "figures": {
      "s0": "figures\\s0_vis_similarity_hist.png",
      "s2": "figures\\s2_consistency_hist.png"
    }
  },
  "baseline": {
    "path": "experiments\\s0_iid_lateavg_20251111_042950",
    "column": "prob",
    "ovl": 0.0,
    "ks": 1.0,
    "auc": 1.0,
    "mean_legit": 0.035722460597753525,
    "ci_legit": [
      0.03176441934492079,
      0.03968050185058626
    ],
    "mean_phish": 0.9552614092826843,
    "ci_phish": [
      0.9505584426690088,
      0.9599643758963599
    ]
  },
  "current": {
    "path": "experiments\\s2_iid_consistency_20251113_093135",
    "column": "c_mean",
    "ovl": 0.5547489430874417,
    "ks": 0.43012704174228666,
    "auc": 0.23442226255293405,
    "mean_legit": 0.47354742884635925,
    "ci_legit": [
      0.40154040465576146,
      0.545554453036957
    ],
    "mean_phish": 0.20067837834358215,
    "ci_phish": [
      0.15992832375640878,
      0.24142843293075553
    ],
    "thresh": 0.6,
    "acs": 0.36553674936294556,
    "mr_overall": 0.8055555555555556,
    "mr_phish": 0.9649122807017544,
    "fpr_legit": 0.7011494252873564
  }
}
