{
  "synergy_by_protocol": {
    "iid": {
      "auroc": {
        "s3_value": 0.9999993055555555,
        "best_baseline": "S1",
        "best_value": 0.9999997685185186,
        "delta": -4.6296296307701823e-07,
        "relative_improvement_pct": -4.6296307024439555e-05
      },
      "f1_macro": {
        "s3_value": 0.9994444442033178,
        "best_baseline": "S1",
        "best_value": 0.9997222221739969,
        "delta": -0.00027777797067907173,
        "relative_improvement_pct": -0.02778551526793268
      },
      "ece": {
        "s3_value": 0.03372409150689943,
        "best_baseline": "S1",
        "best_value": 0.029699018889352575,
        "delta": -0.004025072617546855,
        "relative_improvement_pct": -13.55288076196311
      },
      "brier": {
        "s3_value": 0.006945829594605016,
        "best_baseline": "S1",
        "best_value": 0.00666943517808806,
        "delta": -0.0002763944165169556,
        "relative_improvement_pct": -4.144195259967877
      }
    },
    "brandood": {
      "auroc": {
        "s3_value": 0.9551282051282052,
        "best_baseline": "S2",
        "best_value": 0.9807692307692308,
        "delta": -0.02564102564102566,
        "relative_improvement_pct": -2.614379084967322
      },
      "f1_macro": {
        "s3_value": 0.48148148148148145,
        "best_baseline": "S1",
        "best_value": 0.48148148148148145,
        "delta": 0.0,
        "relative_improvement_pct": 0.0
      },
      "ece": {
        "s3_value": 0.05262881943157741,
        "best_baseline": "S2",
        "best_value": 0.04626466759613587,
        "delta": -0.006364151835441541,
        "relative_improvement_pct": -13.755965764191696
      },
      "brier": {
        "s3_value": 0.0438825028906944,
        "best_baseline": "S1",
        "best_value": 0.045322293326968244,
        "delta": 0.0014397904362738467,
        "relative_improvement_pct": 3.1767819555969474
      }
    }
  },
  "all_systems": {
    "s0_iid": {
      "auroc": {
        "mean": 1.0,
        "std": 0.0,
        "n": 3
      },
      "f1_macro": {
        "mean": 0.9993055548562876,
        "std": 0.0004811263101993578,
        "n": 3
      },
      "ece": {
        "mean": 0.03517304945471955,
        "std": 0.004691813956963287,
        "n": 3
      },
      "accuracy": {
        "mean": 0.9993055555555556,
        "std": 0.0004811252243246992,
        "n": 3
      }
    },
    "s0_brandood": {
      "auroc": {
        "mean": 0.9551282051282052,
        "std": 0.029375485224075903,
        "n": 3
      },
      "f1_macro": {
        "mean": 0.48148148148148145,
        "std": 0.0,
        "n": 3
      },
      "ece": {
        "mean": 0.04949079666818892,
        "std": 0.005304521500190861,
        "n": 3
      },
      "accuracy": {
        "mean": 0.9285714285714285,
        "std": 1.3597399555105182e-16,
        "n": 3
      }
    },
    "s1_iid": {
      "auroc": {
        "mean": 0.9999997685185186,
        "std": 4.009376869078173e-07,
        "n": 3
      },
      "f1_macro": {
        "mean": 0.9997222221739969,
        "std": 0.00024056265392669547,
        "n": 3
      },
      "ece": {
        "mean": 0.029699018889352575,
        "std": 0.0030688260851730715,
        "n": 3
      },
      "brier": {
        "mean": 0.00666943517808806,
        "std": 0.00015487712828967214,
        "n": 3
      },
      "accuracy": {
        "mean": 0.9997222222222222,
        "std": 0.00024056261216231757,
        "n": 3
      }
    },
    "s1_brandood": {
      "auroc": {
        "mean": 0.9615384615384616,
        "std": 0.05087983290508829,
        "n": 3
      },
      "f1_macro": {
        "mean": 0.48148148148148145,
        "std": 0.0,
        "n": 3
      },
      "ece": {
        "mean": 0.05333892646290008,
        "std": 0.00882464550375552,
        "n": 3
      },
      "brier": {
        "mean": 0.045322293326968244,
        "std": 0.009681106460797948,
        "n": 3
      },
      "accuracy": {
        "mean": 0.9285714285714285,
        "std": 1.3597399555105182e-16,
        "n": 3
      }
    },
    "s2_iid": {
      "auroc": {
        "mean": 0.9154034055223149,
        "std": 0.043772545807118445,
        "n": 6
      },
      "f1_macro": {
        "mean": 0.826101807466439,
        "std": 0.08766850929271265,
        "n": 6
      },
      "ece": {
        "mean": 0.15875158542702492,
        "std": 0.0632532713857227,
        "n": 6
      },
      "brier": {
        "mean": 0.14720307369999178,
        "std": 0.06907656058036306,
        "n": 6
      },
      "accuracy": {
        "mean": 0.8265972222222223,
        "std": 0.08732538794434086,
        "n": 6
      }
    },
    "s2_brandood": {
      "auroc": {
        "mean": 0.9807692307692308,
        "std": 0.0,
        "n": 1
      },
      "f1_macro": {
        "mean": 0.48148148148148145,
        "std": 0.0,
        "n": 1
      },
      "ece": {
        "mean": 0.04626466759613587,
        "std": 0.0,
        "n": 1
      },
      "brier": {
        "mean": 0.04898625612258911,
        "std": 0.0,
        "n": 1
      },
      "accuracy": {
        "mean": 0.9285714285714286,
        "std": 0.0,
        "n": 1
      }
    },
    "s3_iid": {
      "auroc": {
        "mean": 0.9999993055555555,
        "std": 6.944444443934827e-07,
        "n": 3
      },
      "f1_macro": {
        "mean": 0.9994444442033178,
        "std": 0.0002405629045129628,
        "n": 3
      },
      "ece": {
        "mean": 0.03372409150689943,
        "std": 0.006393653658861488,
        "n": 3
      },
      "brier": {
        "mean": 0.006945829594605016,
        "std": 0.0006352509688130063,
        "n": 3
      },
      "accuracy": {
        "mean": 0.9994444444444445,
        "std": 0.00024056261216238168,
        "n": 3
      }
    },
    "s3_brandood": {
      "auroc": {
        "mean": 0.9551282051282052,
        "std": 0.04003203845127177,
        "n": 3
      },
      "f1_macro": {
        "mean": 0.48148148148148145,
        "std": 0.0,
        "n": 3
      },
      "ece": {
        "mean": 0.05262881943157741,
        "std": 0.01538653166121275,
        "n": 3
      },
      "brier": {
        "mean": 0.0438825028906944,
        "std": 0.011387754960013194,
        "n": 3
      },
      "accuracy": {
        "mean": 0.9285714285714285,
        "std": 1.3597399555105182e-16,
        "n": 3
      }
    }
  }
}
