{"val_acc":0.6899999976158142,"train_acc":0.5674518346786499,"test_accuracy":0.6764705777168274,"val_accuracy":0.6899999976158142,"epoch":5,"test_ece":0.1695340871810913,"trainer/global_step":40,"_step":10,"val_ece":0.18004567921161652,"test_nll":0.6867751479148865,"val_auroc":0.710849404335022,"val_nll":0.6813673973083496,"train_loss":0.6865674257278442,"test_acc":0.6764705777168274,"test_loss":0.6867752075195312,"_wandb":{"runtime":160},"_timestamp":1.7612477211320145e+09,"val_f1":0.6929177641868591,"_runtime":158.081088,"val_loss":0.6813675165176392,"test_f1":0.6602692604064941,"test_auroc":0.674916684627533,"test_ece_bins":10}
